Subject ID,Subject Name,Credits,Added Date
999,Magic999,9,0/0/0  0:0:0 AM
897,Subject-897,3,5/5/2026 23:09
56,Subject-056,3,5/5/2026 23:09
480,Subject-480,3,5/5/2026 23:09
673,Subject-673,3,5/5/2026 23:09
909,Subject-909,3,5/5/2026 23:18
532,Subject-532,3,5/5/2026 23:19
636,Subject-636,3,5/5/2026 23:19
723,Subject-723,3,5/5/2026 23:19
787,Subject-787,3,5/5/2026 23:25
85,Subject-085,3,5/5/2026 23:25
89,Subject-089,3,5/5/2026 23:25
40,Subject-040,3,5/5/2026 23:33
599,Subject-599,3,5/5/2026 23:33
306,Subject-306,3,5/5/2026 23:33
835,Subject-835,3,5/5/2026 23:33
104,Subject-104,3,5/5/2026 23:45
745,Subject-745,3,5/5/2026 23:45
30,Subject-030,3,5/5/2026 23:45
364,Subject-364,3,5/5/2026 23:45
354,Subject-354,3,5/5/2026 23:48
350,Subject-350,3,5/5/2026 23:48
552,Subject-552,3,5/5/2026 23:48
549,Subject-549,3,5/5/2026 23:48
619,Subject-619,3,5/6/2026 0:04
335,Subject-335,3,5/6/2026 0:04
568,Subject-568,3,5/6/2026 0:04
186,Subject-186,3,5/6/2026 0:04
774,Subject-774,3,5/6/2026 0:06
322,Subject-322,3,5/6/2026 0:14
183,Subject-183,3,5/6/2026 0:14
339,Subject-339,3,5/6/2026 0:14
868,Subject-868,3,5/5/2026 22:39
898,Subject-898,3,5/5/2026 22:39
962,Subject-962,3,5/5/2026 22:39
58,Subject-058,3,5/5/2026 22:39
522,Subject-522,3,5/6/2026 0:14
653,Subject-653,3,5/6/2026 0:21
430,Subject-430,3,5/6/2026 0:21
596,Subject-596,3,5/6/2026 0:21
416,Subject-416,3,5/6/2026 0:21
642,Subject-642,3,5/6/2026 0:25
688,Subject-688,3,5/6/2026 0:25
52,Subject-052,3,5/6/2026 0:25
437,Subject-437,3,5/6/2026 0:25
87,Subject-087,3,5/6/2026 0:31
242,Subject-242,3,5/6/2026 0:31
814,Subject-814,3,5/6/2026 0:31
928,Subject-928,3,5/6/2026 0:38
414,Subject-414,3,5/6/2026 0:38
48,Subject-048,3,5/6/2026 0:38
917,Subject-917,3,5/6/2026 1:20
439,Subject-439,3,5/6/2026 1:20
567,Subject-567,3,5/6/2026 1:20
28,Subject-028,3,5/6/2026 1:21
190,Subject-190,3,5/6/2026 1:21
728,Subject-728,3,5/6/2026 1:22
770,Subject-770,3,5/6/2026 1:22
162,Subject-162,3,5/6/2026 1:22
617,Subject-617,3,5/6/2026 1:22
463,Subject-463,3,5/6/2026 1:28
225,Subject-225,3,5/6/2026 1:28
955,Subject-955,3,5/6/2026 1:33
825,Subject-825,3,5/6/2026 1:33
213,Subject-213,3,5/6/2026 1:34
767,Subject-767,3,5/6/2026 1:38
763,Subject-763,3,5/6/2026 1:38
180,Subject-180,3,5/6/2026 1:44
340,Subject-340,3,5/6/2026 1:44
370,Subject-370,3,5/6/2026 1:44
382,Subject-382,3,5/6/2026 1:44
310,Subject-310,3,5/6/2026 1:44
102,Subject-102,3,5/6/2026 1:49
853,Subject-853,3,2026-05-06 01:58:39
464,Subject-464,3,2026-05-06 20:00:28
736,Subject-736,3,2026-05-06 20:00:30
201,Subject-201,3,2026-05-06 20:00:31
838,Subject-838,3,2026-05-06 20:00:33
438,Subject-438,3,2026-05-06 20:00:56
646,Subject-646,3,2026-05-06 20:00:58
008,Subject-008,3,2026-05-06 20:00:59
091,Subject-091,3,2026-05-06 20:01:00
217,Subject-217,3,2026-05-06 20:01:46
952,Subject-952,3,2026-05-06 20:01:47
918,Subject-918,3,2026-05-06 20:01:48
366,Subject-366,3,2026-05-06 20:01:49
819,Subject-819,3,2026-05-06 20:02:05
470,Subject-470,3,2026-05-06 20:02:11
200,Subject-200,3,2026-05-06 20:02:18
115,Subject-115,3,2026-05-06 20:03:44
331,Subject-331,3,2026-05-06 20:03:45
182,Subject-182,3,2026-05-06 20:03:46
233,Subject-233,3,2026-05-06 20:03:47
389,Subject-389,3,2026-05-06 21:37:22
